<?xml version="1.0" ?>
<data>
  <!--NOTE: This is an ** Autogenerated file **-->
  <!--NOTE: Sector size is 512bytes-->
  <program SECTOR_SIZE_IN_BYTES="512" file_sector_offset="0" filename="NON-HLOS.bin" label="modem" num_partition_sectors="172032" physical_partition_number="0" size_in_KB="86016.0" sparse="false" start_byte_hex="0x4000000" start_sector="131072"/>
  <program SECTOR_SIZE_IN_BYTES="512" file_sector_offset="0" filename="sbl1.mbn" label="sbl1" num_partition_sectors="1024" physical_partition_number="0" size_in_KB="512.0" sparse="false" start_byte_hex="0xc002400" start_sector="393234"/>
  <program SECTOR_SIZE_IN_BYTES="512" file_sector_offset="0" filename="sbl1.mbn" label="sbl1bak" num_partition_sectors="1024" physical_partition_number="0" size_in_KB="512.0" sparse="false" start_byte_hex="0xc082400" start_sector="394258"/>
  <program SECTOR_SIZE_IN_BYTES="512" file_sector_offset="0" filename="rpm.mbn" label="rpm" num_partition_sectors="1024" physical_partition_number="0" size_in_KB="512.0" sparse="false" start_byte_hex="0xc102400" start_sector="395282"/>
  <program SECTOR_SIZE_IN_BYTES="512" file_sector_offset="0" filename="rpm.mbn" label="rpmbak" num_partition_sectors="1024" physical_partition_number="0" size_in_KB="512.0" sparse="false" start_byte_hex="0xc182400" start_sector="396306"/>
  <program SECTOR_SIZE_IN_BYTES="512" file_sector_offset="0" filename="tz.mbn" label="tz" num_partition_sectors="4096" physical_partition_number="0" size_in_KB="2048.0" sparse="false" start_byte_hex="0xc202400" start_sector="397330"/>
  <program SECTOR_SIZE_IN_BYTES="512" file_sector_offset="0" filename="tz.mbn" label="tzbak" num_partition_sectors="4096" physical_partition_number="0" size_in_KB="2048.0" sparse="false" start_byte_hex="0xc402400" start_sector="401426"/>
  <program SECTOR_SIZE_IN_BYTES="512" file_sector_offset="0" filename="hyp.mbn" label="hyp" num_partition_sectors="1024" physical_partition_number="0" size_in_KB="512.0" sparse="false" start_byte_hex="0xc602400" start_sector="405522"/>
  <program SECTOR_SIZE_IN_BYTES="512" file_sector_offset="0" filename="hyp.mbn" label="hypbak" num_partition_sectors="1024" physical_partition_number="0" size_in_KB="512.0" sparse="false" start_byte_hex="0xc682400" start_sector="406546"/>
  <program SECTOR_SIZE_IN_BYTES="512" file_sector_offset="0" filename="adspso.bin" label="dsp" num_partition_sectors="32768" physical_partition_number="0" size_in_KB="16384.0" sparse="false" start_byte_hex="0xc702400" start_sector="407570"/>
  <program SECTOR_SIZE_IN_BYTES="512" file_sector_offset="0" filename="sec.dat" label="sec" num_partition_sectors="32" physical_partition_number="0" size_in_KB="16.0" sparse="false" start_byte_hex="0x10188000" start_sector="527424"/>
  <program SECTOR_SIZE_IN_BYTES="512" file_sector_offset="0" filename="splash.img" label="splash" num_partition_sectors="22528" physical_partition_number="0" size_in_KB="11264.0" sparse="false" start_byte_hex="0x14000000" start_sector="655360"/>
  <program SECTOR_SIZE_IN_BYTES="512" file_sector_offset="0" filename="emmc_appsboot.mbn" label="aboot" num_partition_sectors="2048" physical_partition_number="0" size_in_KB="1024.0" sparse="false" start_byte_hex="0x18000000" start_sector="786432"/>
  <program SECTOR_SIZE_IN_BYTES="512" file_sector_offset="0" filename="emmc_appsboot.mbn" label="abootbak" num_partition_sectors="2048" physical_partition_number="0" size_in_KB="1024.0" sparse="false" start_byte_hex="0x18100000" start_sector="788480"/>
  <program SECTOR_SIZE_IN_BYTES="512" file_sector_offset="0" filename="boot.img" label="boot" num_partition_sectors="131072" physical_partition_number="0" size_in_KB="65536.0" sparse="false" start_byte_hex="0x18200000" start_sector="790528"/>
  <program SECTOR_SIZE_IN_BYTES="512" file_sector_offset="0" filename="recovery.img" label="recovery" num_partition_sectors="131072" physical_partition_number="0" size_in_KB="65536.0" sparse="false" start_byte_hex="0x1c200000" start_sector="921600"/>
  <program SECTOR_SIZE_IN_BYTES="512" file_sector_offset="0" filename="system.img" label="system" num_partition_sectors="5242880" physical_partition_number="0" size_in_KB="2621440.0" sparse="true" start_byte_hex="0x20300000" start_sector="1054720"/>
  <program SECTOR_SIZE_IN_BYTES="512" file_sector_offset="0" filename="cache.img" label="cache" num_partition_sectors="524288" physical_partition_number="0" size_in_KB="262144.0" sparse="true" start_byte_hex="0xc4000000L" start_sector="6422528"/>
  <program SECTOR_SIZE_IN_BYTES="512" file_sector_offset="0" filename="persist.img" label="persist" num_partition_sectors="65536" physical_partition_number="0" size_in_KB="32768.0" sparse="true" start_byte_hex="0xd4000000L" start_sector="6946816"/>
  <program SECTOR_SIZE_IN_BYTES="512" file_sector_offset="0" filename="misc.img" label="misc" num_partition_sectors="2048" physical_partition_number="0" size_in_KB="1024.0" sparse="false" start_byte_hex="0xd6000000L" start_sector="7012352"/>
  <program SECTOR_SIZE_IN_BYTES="512" file_sector_offset="0" filename="mdtp.img" label="mdtp" num_partition_sectors="65536" physical_partition_number="0" size_in_KB="32768.0" sparse="false" start_byte_hex="0xe01c0000L" start_sector="7343616"/>
  <program SECTOR_SIZE_IN_BYTES="512" file_sector_offset="0" filename="userdata.img" label="userdata" num_partition_sectors="0" physical_partition_number="0" size_in_KB="0" sparse="true" start_byte_hex="0x108082000L" start_sector="8651792"/>
  <program SECTOR_SIZE_IN_BYTES="512" file_sector_offset="0" filename="gpt_main0.bin" label="PrimaryGPT" num_partition_sectors="34" physical_partition_number="0" size_in_KB="17.0" sparse="false" start_byte_hex="0x0" start_sector="0"/>
  <program SECTOR_SIZE_IN_BYTES="512" file_sector_offset="0" filename="gpt_backup0.bin" label="BackupGPT" num_partition_sectors="33" physical_partition_number="0" size_in_KB="16.5" sparse="false" start_byte_hex="(512*NUM_DISK_SECTORS)-16896." start_sector="NUM_DISK_SECTORS-33."/>
</data>
